{
	"format_version": "1.8.0",
	"animations": {
		"misc.idle": {
			"loop": true,
			"animation_length": 2,
			"bones": {
				"kuangju": {
					"rotation": {
						"0.0": {
							"vector": [91.10693, -0.04833, 5.12076]
						},
						"0.5": {
							"vector": [90, 0, 0]
						},
						"0.7667": {
							"vector": [88.78381, -0.07003, -5.63256]
						},
						"1.0": {
							"vector": [91.10693, -0.04833, 5.12076]
						},
						"1.5": {
							"vector": [90, 0, 0]
						},
						"1.7667": {
							"vector": [88.78381, -0.07003, -5.63256]
						},
						"2.0": {
							"vector": [91.10693, -0.04833, 5.12076]
						}
					},
					"position": {
						"0.0": {
							"vector": [1.73615, 3.5, -1.40918]
						},
						"0.5": {
							"vector": [-3.03781, 2.93958, -0.35078]
						},
						"0.7667": {
							"vector": [-1.17679, 3.6577, -0.75964]
						},
						"1.0": {
							"vector": [1.73615, 3.5, -1.40918]
						},
						"1.5": {
							"vector": [-3.03781, 2.93958, -0.35078]
						},
						"1.7667": {
							"vector": [-1.17679, 3.6577, -0.75964]
						},
						"2.0": {
							"vector": [1.73615, 3.5, -1.40918]
						}
					}
				},
				"muban": {
					"rotation": {
						"vector": [0, -77.5, 0]
					},
					"position": {
						"vector": [0, 6, -1]
					}
				}
			},
			"particle_effects": {}
		}
	},
	"geckolib_format_version": 2
}