{
	"format_version": "1.8.0",
	"animations": {
		"attack.swing": {
			"animation_length": 0.5,
			"bones": {
				"all": {
					"rotation": {
						"0.0": [0, 0, 0],
						"0.1667": [365, 0, 0]
					},
					"position": {
						"0.1667": [0, 0, 0],
						"0.2": [0, 9, -1],
						"0.2333": [0, -10, 1],
						"0.3": [0, 16, -2],
						"0.5": [0, 16, -2]
					},
					"scale": {
						"0.0": [1, 1.5, 1],
						"0.0667": [1, 1.5, 1]
					}
				},
				"bone": {
					"rotation": {
						"0.0": [0, 0, 0],
						"0.1667": [397.5, 0, 0],
						"0.5": [347.5, 0, 0]
					}
				},
				"bone2": {
					"rotation": {
						"0.1667": [0, 0, 0],
						"0.2333": [0, 720, 0]
					},
					"position": {
						"0.1667": [0, -2, 0],
						"0.2333": [0, -5, 0],
						"0.3667": [0, -6, 0]
					},
					"scale": {
						"0.1667": [0, 0, 0],
						"0.2333": [2, 5.7, 2],
						"0.3667": [2, 5.7, 2],
						"0.4": [0, 0, 0]
					}
				},
				"bone3": {
					"rotation": {
						"0.1667": [0, 0, 0],
						"0.2333": [0, 720, 0]
					},
					"position": {
						"0.1667": [0, -2, 0],
						"0.2": [0, 0.67, 0],
						"0.2333": [0, -9, 0],
						"0.3333": [0, -6, 0],
						"0.4333": [0, -10, 0]
					},
					"scale": {
						"0.1667": [0, 0, 0],
						"0.2333": [2, 5.7, 2],
						"0.3333": [3, 5.7, 3],
						"0.4333": [3, 0, 3],
						"0.4667": [0, 0, 0]
					}
				},
				"all2": {
					"scale": [1, 1.5, 1]
				},
				"bone7": {
					"scale": 0
				},
				"bone8": {
					"scale": 0
				}
			},
			"sound_effects": {
				"0.0333": {
					"effect": ".mp3"
				}
			}
		},
		"misc.idle": {
			"loop": true,
			"animation_length": 1,
			"bones": {
				"all": {
					"scale": {
						"0.0": [1, 1.5, 1],
						"0.25": [1, 1.5, 1]
					}
				},
				"bone": {
					"rotation": {
						"0.0": [0, 0, 0],
						"0.5": [-7.49294, -0.32621, -2.47864],
						"1.0": [0, 0, 0]
					},
					"position": {
						"0.0": [0, 0, 0],
						"0.5": [0, 0, 0.1],
						"1.0": [0, 0, 0]
					}
				},
				"bone2": {
					"scale": {
						"0.0": [0, 0, 0],
						"1.0": [0, 0, 0]
					}
				},
				"bone3": {
					"scale": {
						"0.0": [0, 0, 0],
						"1.0": [0, 0, 0]
					}
				},
				"all2": {
					"scale": {
						"0.0": [1, 1.5, 1],
						"0.25": [1, 1.5, 1]
					}
				},
				"bone7": {
					"scale": {
						"0.0": [0, 0, 0],
						"1.0": [0, 0, 0]
					}
				},
				"bone8": {
					"scale": {
						"0.0": [0, 0, 0],
						"1.0": [0, 0, 0]
					}
				}
			}
		},
		"attack-1": {
			"animation_length": 0.2917,
			"bones": {
				"all": {
					"position": {
						"0.0": [0, 0, 0],
						"0.0417": [0.2, 0, 0.2],
						"0.0833": [-0.2, 0, -0.2],
						"0.125": [0, 0, 0],
						"0.1667": [-0.2, 0, 0.2],
						"0.2083": [0.2, 0, -0.2],
						"0.25": [0, 0, 0]
					},
					"scale": {
						"0.0": [1, 1.5, 1],
						"0.0833": [1, 1.5, 1]
					}
				},
				"bone2": {
					"scale": 0
				},
				"bone3": {
					"scale": 0
				},
				"all2": {
					"scale": [1, 1.5, 1]
				},
				"bone7": {
					"scale": 0
				},
				"bone8": {
					"scale": 0
				}
			}
		}
	},
	"geckolib_format_version": 2
}